Nama,Nama toko,Lokasi,Harga,Terjual,Rating,Gambar
Flatshoes Wanita Patris Damara PTS 212,Patris Official Store,Bogor,Rp189.750Rp425.250,250+ terjual,5.0,https://images.tokopedia.net/img/cache/200-square/VqbcmM/2023/10/5/6aeb75aa-2c5b-4a4e-b02b-b8c02b8f994d.jpg.webp?ect=4g
Pluvia - ANNE Sepatu Flat Shoes Wanita Quilted,Pluvia Shoes,Bogor,Rp79.000Rp135.000,1rb+ terjual,4.9,https://images.tokopedia.net/img/cache/200-square/VqbcmM/2021/1/30/b0aaaefa-d89f-42ce-a9fb-36e1a49b3ba9.jpg.webp?ect=4g
NF6178 - Sandal Flat Shoes Motif Mutiara Fashion Wanita Kekinian,Newfashionsid,Jakarta Barat,Rp135.000,10 terjual,5.0,https://images.tokopedia.net/img/cache/200-square/hDjmkQ/2024/6/24/010de293-3afd-48d7-b30c-2a1614920a9f.jpg.webp?ect=4g
NF4870 - Sandal Flat Shoes Tweed Wanita Sandal Flat Shoes Kekinian,Newfashionsid,Jakarta Barat,Rp128.000,14 terjual,5.0,https://images.tokopedia.net/img/cache/200-square/hDjmkQ/2024/6/24/1ec83d3b-f4f2-4932-b3ca-7e014f599122.jpg.webp?ect=4g
Sepatu Flat Shoes Anak Perempuan Unicorn Glossy HORN,Hukkies Babys,Jakarta Pusat,Rp135.000,100+ terjual,4.9,https://images.tokopedia.net/img/cache/200-square/VqbcmM/2022/3/16/5e255ff7-73a2-49cf-acaa-6706458e04c1.jpg.webp?ect=4g
TLTSN [OE] HANNY Flatshoes Sepatu Wanita Maroon [TSN0002185.C0020],The Little Things She Needs,Jakarta Selatan,Rp109.000Rp249.000,40+ terjual,5.0,https://images.tokopedia.net/img/cache/200-square/hDjmkQ/2024/7/8/88a47efa-a25c-436c-a335-6bd68b0aa564.jpg.webp?ect=4g
WINOD Tyra Flatshoes Wanita / Flatshoes Kerja / Flatshoes Balet / Flatshoes Casual,Winod Official,Tangerang,Rp79.900Rp83.900,2rb+ terjual,4.9,https://images.tokopedia.net/img/cache/200-square/VqbcmM/2023/6/28/5450dfe7-e0e6-4dcb-978b-5334a4b50665.jpg.webp?ect=4g
TLTSN [OE] SIA Flatshoes Sepatu Wanita Black/Beige/Sage,The Little Things She Needs,Jakarta Selatan,Rp89.000Rp229.000,70+ terjual,4.9,https://images.tokopedia.net/img/cache/200-square/hDjmkQ/2024/1/25/c2bb69fe-bb74-4a05-a672-82218311ad0e.jpg.webp?ect=4g
SAKAKI Alexa -Sepatu Wanita Flatshoes,Sandal Kanan Kiri,Kab. Mojokerto,Rp55.000,250+ terjual,4.9,https://images.tokopedia.net/img/cache/200-square/VqbcmM/2024/6/22/0ed0ff02-fd69-4b50-b346-b04f1ed1dfca.jpg.webp?ect=4g
Berrybenka - Sepatu Flatshoes Comfy Wanita Sofia Madanya Braided Flat,Berrybenka,Tangerang Selatan,Rp107.000Rp349.000,50+ terjual,5.0,https://images.tokopedia.net/img/cache/200-square/hDjmkQ/2024/7/1/eac3ff82-5b2b-4d8a-a4fc-d2a5c4a70c8c.jpg.webp?ect=4g
TORY SHOES SEPATU WANITA FLAT SHOES WOMEN TORY TB SHEEPSKIN STB01 STB 02 KULIT,FactoryOutletStuff,Jakarta Barat,Rp750.000,7 terjual,5.0,https://images.tokopedia.net/img/cache/200-square/VqbcmM/2024/8/24/3c5f0582-fc1d-4dc2-87fa-e79c912ba82e.jpg.webp?ect=4g
HANNAO Flatshoes Wanita Sepatu kerja pesta kekinian terbaru zh03,HANNAOSTORE,Kab. Bogor,Rp50.999,1 terjual,,https://images.tokopedia.net/img/cache/200-square/VqbcmM/2024/11/2/b1250994-474d-4b45-b88d-ac30ca917d94.jpg.webp?ect=4g
Pluvia - NIKITA Sepatu Flat Wanita Balet Flatshoes Suede,Pluvia Shoes,Bogor,Rp150.000Rp320.000,500+ terjual,4.9,https://images.tokopedia.net/img/cache/200-square/VqbcmM/2020/11/22/f2b70ad2-72b0-4346-a361-c6fb33d211a3.jpg.webp?ect=4g
SEIS Daily Flatshoes Wanita,Seis Official Shop,Bandung,Rp169.000Rp650.000,60+ terjual,4.9,https://images.tokopedia.net/img/cache/200-square/VqbcmM/2024/5/4/0ce62d5e-1652-48df-9caa-b82a3b0cfb57.jpg.webp?ect=4g
Dr. Kevin Sepatu Wanita Hak Rata Treples Ballerina Flat Shoes 551-114,Dr Kevin Shoes,Bekasi,Rp99.980Rp499.900,100+ terjual,4.8,https://images.tokopedia.net/img/cache/200-square/VqbcmM/2023/7/21/a7b4228f-4fe8-433d-8874-ed42281d84ab.jpg.webp?ect=4g
WINOD Siena Flatshoes Wanita / Sepatu Casual / Sepatu Kerja / Sepatu Kekinian,Winod Official,Tangerang,Rp89.900Rp225.000,250+ terjual,4.9,https://images.tokopedia.net/img/cache/200-square/VqbcmM/2024/7/18/0214d736-3b0c-4bd1-a7cc-8ef48a619cb9.jpg.webp?ect=4g
URBAN&CO Basic Flatshoes Zura,URBAN&CO OFFICIAL,Kab. Bogor,Rp179.900,2rb+ terjual,4.9,https://images.tokopedia.net/img/cache/200-square/VqbcmM/2024/3/8/3679dd19-8eb5-4ab4-b14e-66776c5750ea.jpg.webp?ect=4g
NCY Shoes Sepatu Wanita MIKAELA Flatshoes Warna Pink,NCY Shoes Official Store,Kab. Tangerang,Rp149.000Rp379.000,30+ terjual,5.0,https://images.tokopedia.net/img/cache/200-square/VqbcmM/2022/7/31/79b92388-0250-41f3-935d-2ed3f8b41e62.jpg.webp?ect=4g
TLTSN [OE] CALISTA Flatshoes Sepatu Wanita Dark Grey [TSN0002189.C0076],The Little Things She Needs,Jakarta Selatan,Rp119.000Rp249.000,40+ terjual,5.0,https://images.tokopedia.net/img/cache/200-square/hDjmkQ/2024/7/8/f8670853-4bc8-448b-a47d-78a69aa80cd0.jpg.webp?ect=4g
Flat shoes wanita Gio Saverino Moscow gucci ballerina tipe terbaru,Gio Saverino,Medan,Rp203.660Rp599.000,500+ terjual,4.9,https://images.tokopedia.net/img/cache/200-square/VqbcmM/2021/1/26/8f9183c7-f9d9-4d90-9667-6d40ad9da174.jpg.webp?ect=4g
Flat Shoes Gio Saverino MADRID Sepatu Wanita Super Nyaman Sepatu Flat,Gio Saverino,Medan,Rp195.200Rp610.000,500+ terjual,4.9,https://images.tokopedia.net/img/cache/200-square/VqbcmM/2022/1/23/d3924f86-6661-4ab0-816d-98229cade96d.jpg.webp?ect=4g
WINOD Eloise Flatshoes Wanita / Sepatu Casual / Sepatu Kantor / Sepatu Kekinian,Winod Official,Tangerang,Rp89.900Rp215.000,100+ terjual,4.9,https://images.tokopedia.net/img/cache/200-square/VqbcmM/2024/9/3/49c7f1e4-6770-42c9-975e-c4c41f9152e5.jpg.webp?ect=4g
Berrybenka - Sepatu Flat Shoes Wanita Sophie Fana Bow,Berrybenka,Tangerang Selatan,Rp129.000Rp369.000,1rb+ terjual,4.9,https://images.tokopedia.net/img/cache/200-square/VqbcmM/2024/3/13/47e61aff-24cf-47b4-b81c-f41f53d2b308.jpg.webp?ect=4g
WINOD Eroti Flatshoes (Inner Busa Size 37-40) Ready 6 Warna,Winod Official,Tangerang,Rp79.900Rp83.900,750+ terjual,4.9,https://images.tokopedia.net/img/cache/200-square/VqbcmM/2024/9/6/c00ee270-1544-4c47-8e97-2e476e77e793.jpg.webp?ect=4g
WINOD Liza Flatshoes Wanita / Sepatu Slip On Wanita / Sepatu Kerja / Sepatu Kekinian,Winod Official,Tangerang,Rp89.900Rp225.000,60+ terjual,5.0,https://images.tokopedia.net/img/cache/200-square/VqbcmM/2024/8/27/af51e81b-3a58-4412-99f3-f0bbd956a7a4.jpg.webp?ect=4g
Sepatu flat shoes Wedding Wanita Valerina Series 2cm Bahan Brukat Ori,Purple Shoes,Jakarta Pusat,Rp140.000,100+ terjual,4.9,https://images.tokopedia.net/img/cache/200-square/VqbcmM/2024/8/20/ecc86353-6b0f-4006-968c-85ee15ca43c4.png.webp?ect=4g
ABBUSHOES JO 10  Flat Shoes Natasya,Abbushoes,Bogor,Rp59.000,6 terjual,4.0,https://images.tokopedia.net/img/cache/200-square/VqbcmM/2024/8/3/6a289991-fd92-45be-b946-41e20f2d4777.jpg.webp?ect=4g
Amazeus AURELIA Flat Shoes Wanita,Amazeus Store,Bogor,Rp89.900,100+ terjual,4.9,https://images.tokopedia.net/img/cache/200-square/VqbcmM/2021/11/9/3b7ef70d-41cd-48ef-8b9a-51d14593b517.jpg.webp?ect=4g
Tory burch claire flat shoes black logo gold,ThinkingoutloudShopp,Kab. Tangerang,Rp3.800.000,,,https://images.tokopedia.net/img/cache/200-square/VqbcmM/2023/3/29/ee9adeb2-0f6f-4758-a2c0-6933f6f531a4.jpg.webp?ect=4g
Amazeus ALYSSA Sepatu Flat Shoes Pita Wanita Embossed,Amazeus Store,Bogor,Rp89.000,30+ terjual,4.9,https://images.tokopedia.net/img/cache/200-square/VqbcmM/2022/1/11/0b68f671-a804-4f96-9182-a9236897e836.jpg.webp?ect=4g
SAVA | Margot Flatshoes Wanita,SAVA Shoes,Bogor,Rp315.810Rp319.000,100+ terjual,4.9,https://images.tokopedia.net/img/cache/200-square/VqbcmM/2024/7/20/76c85178-ed04-4565-8be1-c40020fab34b.jpg.webp?ect=4g
DAMELIA OLIVE FLAT SHOES WANITA,Melstore Jkt Official Shop,Depok,Rp111.000,250+ terjual,4.9,https://images.tokopedia.net/img/cache/200-square/VqbcmM/2024/5/31/ba151024-572c-46e0-b8d9-96707b4ca1c6.jpg.webp?ect=4g
Sepatu Wanita Flat GIO SAVERINO Flat Shoes Wanita Bella,Gio Saverino,Medan,Rp209.650Rp599.000,1rb+ terjual,4.9,https://images.tokopedia.net/img/cache/200-square/VqbcmM/2021/3/3/6b1cec62-6dfa-4576-87fa-00f61c6b5405.jpg.webp?ect=4g
WINOD Twila Flatshoes Wanita / Sepatu Slip On Casual / Sepatu Kerja / Sepatu Kekinian / Sepatu Hak 2cm,Winod Official,Tangerang,Rp99.900Rp250.000,60+ terjual,4.9,https://images.tokopedia.net/img/cache/200-square/VqbcmM/2024/8/20/69d63e10-8368-40cf-acb5-75b4a1e0dc8f.jpg.webp?ect=4g
Berrybenka - Sepatu Flatshoes Wanita Sofia Micca Ballerina Flat,Berrybenka,Tangerang Selatan,Rp141.000Rp369.000,250+ terjual,4.9,https://images.tokopedia.net/img/cache/200-square/VqbcmM/2023/2/16/a9918131-d050-4f4a-88bc-4ab6e8cc1a2a.jpg.webp?ect=4g
Katakita Alexa Flatshoes Wanita,Katakitaofficial,Kab. Bogor,Rp99.999Rp185.000,250+ terjual,4.9,https://images.tokopedia.net/img/cache/200-square/hDjmkQ/2024/7/4/1e90a05a-95d7-489e-b55c-1eb58f63df48.jpg.webp?ect=4g
VANILLA FOOTWEAR - Shelby Flat Shoes Black,Vanilla Footwear Co,Jakarta Utara,Rp348.000,50+ terjual,4.9,https://images.tokopedia.net/img/cache/200-square/VqbcmM/2022/1/27/8c7562f3-7a07-4c97-8b9e-931fdab04606.jpg.webp?ect=4g
Berrybenka - Sepatu Flatshoes Comfy Wanita Sofia Mebila Buckle Flat,Berrybenka,Tangerang Selatan,Rp114.000Rp389.000,50+ terjual,5.0,https://images.tokopedia.net/img/cache/200-square/hDjmkQ/2024/6/13/adfedcac-441f-4efe-b2c6-58fcc3ead1a0.jpg.webp?ect=4g
NCY Shoes Sepatu Wanita EDEN Flatshoes Warna Putih,NCY Shoes Official Store,Kab. Tangerang,Rp149.000Rp279.000,50+ terjual,5.0,https://images.tokopedia.net/img/cache/200-square/VqbcmM/2022/3/30/4dc70f0c-bf2d-4e20-b8a7-ab752fe79b40.jpg.webp?ect=4g
Berrybenka - Flatshoes Jelly Sepatu Sofia Maylea Jelly Flat,Berrybenka,Tangerang Selatan,Rp149.000Rp329.000,100+ terjual,4.9,https://images.tokopedia.net/img/cache/200-square/hDjmkQ/2024/3/6/54c217e1-6d21-4043-b264-76a7ad2790b7.jpg.webp?ect=4g
Flat Shoes Anak Perempuan Mutiara / Sepatu Anak Tanggung Model Korea,rainbowkids888,Bekasi,Rp115.000,40+ terjual,5.0,https://images.tokopedia.net/img/cache/200-square/VqbcmM/2024/1/21/b0b1079e-df06-4034-89ac-450b1d44ab4b.jpg.webp?ect=4g
Leather Flat Shoe Slingback Wanita VVIP Quality White,Moca_FashionLuxee,Jakarta Utara,Rp1.350.000,,,https://images.tokopedia.net/img/cache/200-square/hDjmkQ/2024/10/15/8f715ea2-1a61-4d90-ae67-a080aaaf0a6f.jpg.webp?ect=4g
FRIDA Loafer Shoes Sepatu Flat Bahan Kanvas H765 Original Brand Kasual,Heliva Official Store,Kab. Tangerang,Rp175.000Rp230.000,50+ terjual,4.9,https://images.tokopedia.net/img/cache/200-square/VqbcmM/2024/8/7/cb878779-f930-4a09-acee-c894f7e2c9aa.png.webp?ect=4g
Ballet Flat Shoe Wanita VVIP Quality Import Branded Flower White,Moca_FashionLuxee,Jakarta Utara,Rp1.400.000,,,https://images.tokopedia.net/img/cache/200-square/hDjmkQ/2024/10/15/d6366e26-793b-416d-a7b0-768216e6d261.jpg.webp?ect=4g
Flatshoes Wanita Patris Slavina,Patris Official Store,Bogor,Rp189.750Rp425.250,500+ terjual,4.9,https://images.tokopedia.net/img/cache/200-square/VqbcmM/2023/8/18/bb1c1f07-ac86-4947-970f-1786c3053405.jpg.webp?ect=4g
TLTSN [OE] ISLA Flatshoes Sepatu Wanita Black/Navy/Gold,The Little Things She Needs,Jakarta Selatan,Rp79.000Rp229.000,100+ terjual,4.9,https://images.tokopedia.net/img/cache/200-square/hDjmkQ/2024/1/25/02081076-7132-4010-b29c-9efdf4433a38.jpg.webp?ect=4g
Sandkasse - Amina Flatshoes Wanita Variasi Pita,Sandkasse_Id,Kab. Bogor,Rp39.990,100+ terjual,4.9,https://images.tokopedia.net/img/cache/200-square/VqbcmM/2024/1/17/e31bccbb-6d9d-4aca-9e8f-33b65cd59a9d.png.webp?ect=4g
Berrybenka - Sepatu Flatshoes Wanita Sofia Mity Ballerina Flat,Berrybenka,Tangerang Selatan,Rp369.000,60+ terjual,4.9,https://images.tokopedia.net/img/cache/200-square/hDjmkQ/2023/2/16/5d01b851-3940-4813-8a2c-aa8b8d545726.jpg.webp?ect=4g
WINOD Charles Flatshoes (37-41),Winod Official,Tangerang,Rp89.900,250+ terjual,4.8,https://images.tokopedia.net/img/cache/200-square/VqbcmM/2023/9/21/f430488b-5fbc-4e66-abdb-bf03bed0e1c6.jpg.webp?ect=4g
NCY Shoes Sepatu Wanita NADIA Flat Shoes Warna Silver,NCY Shoes Official Store,Kab. Tangerang,Rp370.300Rp529.000,11 terjual,5.0,https://images.tokopedia.net/img/cache/200-square/VqbcmM/2023/12/27/2d6e33f8-5f05-402b-bffa-5f2b268e1876.jpg.webp?ect=4g
Sepatu fashion cewek flat shoes ballerina Taihua Naomi Tory,Gio Saverino,Medan,Rp179.700Rp599.000,750+ terjual,4.8,https://images.tokopedia.net/img/cache/200-square/product-1/2020/4/25/73656583/73656583_073c323b-def3-47f0-ae31-185cf9e5a23c_800_800.webp?ect=4g
Berrybenka - Sepatu Flat Shoes Wanita Sophie Fellice Emblished Mules,Berrybenka,Tangerang Selatan,Rp133.000Rp369.000,500+ terjual,4.9,https://images.tokopedia.net/img/cache/200-square/VqbcmM/2021/12/7/d2641258-8a04-4ead-8f1c-136611887ed1.jpg.webp?ect=4g
Hush Puppies Flat Shoes Wanita Emilia - Super In Mint,Hush Puppies,Tangerang,Rp399.500Rp799.000,60+ terjual,4.8,https://images.tokopedia.net/img/cache/200-square/hDjmkQ/2022/4/7/7a8eef45-2546-4b23-8834-644bef01055f.jpg.webp?ect=4g
CHELLTIC flatshoes wanita|sepatu balet|sepatu flat shoes Kekinian pansus Cewek|Selop Wanita Ballerina|Slop Slip On Kuliah Wisuda Kerja Nyaman Elegan Terbaru,CHELLTIC,Kab. Bogor,Rp53.999Rp85.000,500+ terjual,4.9,https://images.tokopedia.net/img/cache/200-square/hDjmkQ/2024/5/23/252d18cb-368c-43b9-a7eb-44c6f72fed68.jpg.webp?ect=4g
TLTSN [OE] JENNE Flatshoes Sepatu Wanita Black [TSN0002183.C0004],The Little Things She Needs,Jakarta Selatan,Rp249.000,26 terjual,4.9,https://images.tokopedia.net/img/cache/200-square/hDjmkQ/2024/7/8/af8bcdc1-cf86-410e-9b32-4233b016a2c9.jpg.webp?ect=4g
NCY Shoes Sepatu Wanita CAMILA Flat Shoes Warna Putih,NCY Shoes Official Store,Kab. Tangerang,Rp279.000Rp429.000,17 terjual,5.0,https://images.tokopedia.net/img/cache/200-square/VqbcmM/2023/3/29/1e7efd97-b6fa-46d5-80fd-8fa5bd291739.jpg.webp?ect=4g
EASTMOUNTSIDE Pinko Flat Shoes - Sepatu wanita,-Eastmountside,Kab. Bantul,Rp235.200Rp245.000,250+ terjual,4.9,https://images.tokopedia.net/img/cache/200-square/VqbcmM/2024/1/7/089199e8-35b3-4e43-92c4-4a9af37a4dfc.jpg.webp?ect=4g
YONGKI KOMALADI FLATSHOES OL-EJM-803 - HITAM/KREM/SALEM,Yongki Komaladi,Jakarta Pusat,Rp129.000Rp499.000,2rb+ terjual,4.9,https://images.tokopedia.net/img/cache/200-square/product-1/2021/8/10/2644639/2644639_bfc8d6a2-a1c9-4eb2-a98f-2f8e5a8f40b0.jpeg.webp?ect=4g
Hanum - Sepatu Flat Shoes Balet Wanita Suede / Bludru HF06 Pita,Hanum Merchandise,Bogor,Rp39.500,100+ terjual,4.8,https://images.tokopedia.net/img/cache/200-square/VqbcmM/2022/2/16/b77873dd-90c7-4916-96fa-a688a68ddaaf.jpg.webp?ect=4g
NCY Shoes Sepatu Wanita EDEN Flatshoes Warna Orange,NCY Shoes Official Store,Kab. Tangerang,Rp149.000Rp279.000,30+ terjual,4.9,https://images.tokopedia.net/img/cache/200-square/VqbcmM/2022/3/30/7f346f9b-bc6e-43a1-8f6d-36e8ae43c1a6.jpg.webp?ect=4g
TLTSN DABBY Flatshoes Sepatu Wanita Black/Brown/Dusty Pink,The Little Things She Needs,Jakarta Selatan,Rp82.000Rp229.000,70+ terjual,5.0,https://images.tokopedia.net/img/cache/200-square/hDjmkQ/2024/1/11/758c880c-a756-4bc9-8e92-390081f73a75.jpg.webp?ect=4g
Berrybenka - Sepatu Flatshoes Comfy Wanita Sofia Mawika Velvet Flat,Berrybenka,Tangerang Selatan,Rp108.000Rp389.000,30+ terjual,4.9,https://images.tokopedia.net/img/cache/200-square/hDjmkQ/2024/6/13/466eabd6-d5df-489f-a10b-8408e0a23f11.jpg.webp?ect=4g
NCY Shoes Sepatu Wanita MIKAELA Flatshoes Warna Hijau,NCY Shoes Official Store,Kab. Tangerang,Rp149.000Rp379.000,50+ terjual,4.9,https://images.tokopedia.net/img/cache/200-square/VqbcmM/2022/7/31/378497d2-6872-412d-96cf-4ee865b48d5c.jpg.webp?ect=4g
Berrybenka - Sepatu Flatshoes Ballet Comfy Wanita Sofia Maika Mary Jane Flat,Berrybenka,Tangerang Selatan,Rp149.000Rp389.000,50+ terjual,4.9,https://images.tokopedia.net/img/cache/200-square/hDjmkQ/2024/6/13/4c59528f-7aa8-4232-a0e4-9ce2b80381b2.jpg.webp?ect=4g
Syahla TIANA Ballet Wanita Flatshoes,SyahlaFashion_Official,Jakarta Selatan,Rp119.700Rp126.000,40+ terjual,5.0,https://images.tokopedia.net/img/cache/200-square/VqbcmM/2024/2/12/e093dc4d-996e-47ac-85ba-c23512e4b413.jpg.webp?ect=4g
Sepatu Flatshoes Wanita Import Sepatu Flat Jelly Wanita TG1855,Polaku Official,Tangerang,Rp40.425,40+ terjual,4.8,https://images.tokopedia.net/img/cache/200-square/hDjmkQ/2024/5/8/89a7d0a9-398f-4f69-9146-7f38c24d9cfa.jpg.webp?ect=4g
Sepatu Jelly Slip On/Flat Shoes Karet Wanita Rajut Import Balance 401,gistanolshop,Kab. Subang,Rp32.000Rp50.000,500+ terjual,4.9,https://images.tokopedia.net/img/cache/200-square/VqbcmM/2024/6/25/124734e9-0ce4-4280-92a3-4297a47caeac.jpg.webp?ect=4g
Sandkasse - Erina Flatshoes Wanita Dasi Kerut,Sandkasse_Id,Kab. Bogor,Rp39.900,100+ terjual,4.9,https://images.tokopedia.net/img/cache/200-square/VqbcmM/2024/1/7/9124c77f-5412-4024-88f5-e7ba2b8f663d.jpg.webp?ect=4g
Flat Shoes Wanita Gio Saverino OSLO Loafers Empuk Sepatu Balet,Gio Saverino,Medan,Rp195.200Rp610.000,500+ terjual,4.9,https://images.tokopedia.net/img/cache/200-square/product-1/2020/5/2/73656583/73656583_755a4e75-1956-48b8-949f-9e4aec120084_1600_1600.webp?ect=4g
YONGKI KOMALADI FLAT SHOES OL-EJM-810 KREM/HIJAU/HITAM/LILAC,Yongki Komaladi,Jakarta Pusat,Rp129.000Rp499.000,500+ terjual,4.9,https://images.tokopedia.net/img/cache/200-square/product-1/2021/5/10/2644639/2644639_b340d1c5-f452-4f55-b340-b2c73322226f.jpg.webp?ect=4g
Sepatu Flat Shoes Wanita Gio Saverino Korea Terbaru,Gio Saverino,Medan,Rp189.100Rp610.000,250+ terjual,4.9,https://images.tokopedia.net/img/cache/200-square/VqbcmM/2022/3/6/88e13fc2-61b7-4bbf-aaed-ac031f3b563f.jpg.webp?ect=4g
Flat Shoes Wanita Rowey Korea Mewah Coco,Rowey,Jakarta Timur,Rp178.920Rp639.000,30+ terjual,4.9,https://images.tokopedia.net/img/cache/200-square/VqbcmM/2023/9/19/15bb6364-1889-4a82-b578-b7d18183ead8.jpg.webp?ect=4g
Berrybenka - Sepatu Flatshoes Wanita Sofia Rhene Ballerina Flat,Berrybenka,Tangerang Selatan,Rp112.000Rp299.000,250+ terjual,4.7,https://images.tokopedia.net/img/cache/200-square/VqbcmM/2022/4/11/561dd023-75b9-4172-97c1-8164fed0b03b.jpg.webp?ect=4g
HYS 857 Terbaru Sepatu Karet Jelly Wanita Flatshoes Import,MSH PASTI PATEN,Tangerang Selatan,Rp32.500,500+ terjual,4.9,https://images.tokopedia.net/img/cache/200-square/hDjmkQ/2023/9/16/6f315fac-dfcb-46f1-bd26-6d42a89080eb.jpg.webp?ect=4g
Sepatu Wanita Flatshoes Korea Rowey Terbaru Zoey,Rowey,Jakarta Timur,Rp173.320Rp619.000,50+ terjual,4.8,https://images.tokopedia.net/img/cache/200-square/VqbcmM/2023/9/18/d70dd729-3148-4b04-9ea6-4fc8ce465178.jpg.webp?ect=4g
Berrybenka - Sepatu Flatshoes Comfy Wanita Sofia Mazana Denim Flat,Berrybenka,Tangerang Selatan,Rp108.000Rp389.000,19 terjual,5.0,https://images.tokopedia.net/img/cache/200-square/hDjmkQ/2024/6/13/619fbd49-9ce6-4ee6-bbe1-3858ceab6fd0.jpg.webp?ect=4g
Adorableprojects - Lulula Flat Shoes Black - Sepatu Tabi,Adorable Projects,Cimahi,Rp259.000,11 terjual,4.2,https://images.tokopedia.net/img/cache/200-square/hDjmkQ/2023/5/6/eaf5100b-f05b-4c8d-b04e-a9a2e6a85496.jpg.webp?ect=4g
Hanum - Sepatu Flat Shoes Balet Wanita Hanum HF02 Pita Hitam,Hanum Merchandise,Bogor,Rp40.000,60+ terjual,4.8,https://images.tokopedia.net/img/cache/200-square/VqbcmM/2022/7/9/6cdf5677-3b3f-4179-bd8e-5c4cd47ce9ac.jpg.webp?ect=4g
Adorableprojects - Charlota Flat Shoes Genuine Leather Black,Adorable Projects,Cimahi,Rp395.000,9 terjual,,https://images.tokopedia.net/img/cache/200-square/hDjmkQ/2024/1/17/fe56f4b4-43ac-4cee-9aec-56ae60248608.jpg.webp?ect=4g
Berrybenka - Sepatu Flatshoes Ballet Comfy Wanita Sofia Malana Mary Jane Flat,Berrybenka,Tangerang Selatan,Rp149.000Rp389.000,40+ terjual,4.7,https://images.tokopedia.net/img/cache/200-square/hDjmkQ/2024/6/13/107626d0-cd7c-4a75-8e03-07d9e51c243a.jpg.webp?ect=4g
Sepatu Kanvas PX Style Slip On (098) / Flat Women Shoes /Sepatu Canvas,PX STYLE,Kab. Bekasi,Rp85.000,100+ terjual,5.0,https://images.tokopedia.net/img/cache/200-square/VqbcmM/2022/1/20/953d9203-5960-4596-a195-67d5f30bcb1c.jpg.webp?ect=4g
"preloved. flat shoes Tory Burch authentic, leather gold uk 39/8 pink",OneTwoThreePreLoved,Bekasi,Rp2.250.000,,,https://images.tokopedia.net/img/cache/200-square/VqbcmM/2022/12/5/3ae2930a-17ad-4ccf-9add-0167fec1222b.jpg.webp?ect=4g
Sandal Flat shoes Series FREYA Sandal Sepatu by LAPEPA,Geege Shop,Kab. Bogor,Rp99.900,250+ terjual,4.9,https://images.tokopedia.net/img/cache/200-square/VqbcmM/2021/10/25/788baa5f-9f52-440f-b1ce-3f4d0d3504ad.jpg.webp?ect=4g
HANNAO Flatshoes Wanita Sepatu kerja pesta kekinian PROMO,HANNAOSTORE,Kab. Bogor,Rp48.999,,,https://images.tokopedia.net/img/cache/200-square/VqbcmM/2024/11/2/19351d50-cee2-4973-9581-29d62de70e10.jpg.webp?ect=4g
Flat shoe Black leather Import Branded  Wanita VVIP Quality,Moca_FashionLuxee,Jakarta Utara,Rp1.300.000,,,https://images.tokopedia.net/img/cache/200-square/hDjmkQ/2024/10/15/336b78e5-7334-42bf-ab3b-6bc9ae2f585b.jpg.webp?ect=4g
Flat shoe Black leather Import Branded  Wanita VVIP Quality,Moca_FashionLuxee,Jakarta Utara,Rp1.300.000,,,https://images.tokopedia.net/img/cache/200-square/hDjmkQ/2024/10/15/336b78e5-7334-42bf-ab3b-6bc9ae2f585b.jpg.webp?ect=4g
DR flat shoes nude beige VVIP quality,Ivory haus,Jakarta Utara,Rp1.400.000,1 terjual,5.0,https://images.tokopedia.net/img/cache/200-square/VqbcmM/2024/1/5/8c7a8908-907e-4361-8e8d-132a6ea8b1f7.jpg.webp?ect=4g
New Color series Freya Sandal Flat shoes Sandal Sepatu by LAPEPA,Geege Shop,Kab. Bogor,Rp99.900,50+ terjual,4.9,https://images.tokopedia.net/img/cache/200-square/VqbcmM/2022/2/4/cab3e485-db41-4ff0-a085-ff912328e195.jpg.webp?ect=4g
Piatta Double Strap Black - Nappa Milano - Sepatu Flat Wanita,Nappa Milano,Kab. Tangerang,Rp589.000,8 terjual,4.0,https://images.tokopedia.net/img/cache/200-square/hDjmkQ/2024/9/26/c082d974-b284-4007-8659-dc5491d766a2.jpg.webp?ect=4g
Ballet Flat Shoe Wanita VVIP Quality Import Branded Embossed Grey,Moca_FashionLuxee,Jakarta Utara,Rp1.400.000,,,https://images.tokopedia.net/img/cache/200-square/hDjmkQ/2024/10/15/9feba8e2-b183-4d1c-a4bd-ede6666025b1.jpg.webp?ect=4g
Pluvia - ANNE Sepatu Flat Shoes Wanita Quilted,Pluvia Shoes,Bogor,Rp79.000Rp135.000,1rb+ terjual,4.9,https://images.tokopedia.net/img/cache/200-square/VqbcmM/2021/1/30/b0aaaefa-d89f-42ce-a9fb-36e1a49b3ba9.jpg.webp?ect=4g
SH56 Sepatu Wanita Canvas Jean Star Women Flat Shoes,EnnWen Online Store,Jakarta Barat,Rp39.800,2rb+ terjual,4.9,https://images.tokopedia.net/img/cache/200-square/hDjmkQ/2021/11/23/a801418d-7429-475b-9b14-2bd9bcbdb255.jpg.webp?ect=4g
Bellashoesjkt Jodha Flatshoes Wanita,Bellashoesjkt Official,Depok,Rp85.000,250+ terjual,4.9,https://images.tokopedia.net/img/cache/200-square/VqbcmM/2023/12/9/a27245ca-c3da-4414-a384-62f964081385.png.webp?ect=4g
TLTSN [OE] SHIN Flatshoes Sepatu Wanita Dark Brown [TSN0002281.C0057],The Little Things She Needs,Jakarta Selatan,Rp129.000Rp249.000,28 terjual,4.8,https://images.tokopedia.net/img/cache/200-square/hDjmkQ/2024/8/8/31ad8150-a637-44e7-85f4-415512f7f8ef.jpg.webp?ect=4g
SEVATU - Moxha Flatshoes,Sevatuofficial,Tasikmalaya,Rp179.900,100+ terjual,4.9,https://images.tokopedia.net/img/cache/200-square/hDjmkQ/2023/10/21/5810fefb-4562-49e6-85c4-a926c4fe01f8.jpg.webp?ect=4g
Canvas ballet shoes/perform shoes/flat shoes/ballet dress,Ag Collection,Jakarta Utara,Rp75.000,100+ terjual,4.4,https://images.tokopedia.net/img/cache/200-square/product-1/2017/11/15/2977386/2977386_ebaf2805-0420-4023-aa0a-a538d2249b2b_700_700.jpg.webp?ect=4g
Leather Flat Shoe Slingback Wanita VVIP Quality Black,Moca_FashionLuxee,Jakarta Utara,Rp1.350.000,,,https://images.tokopedia.net/img/cache/200-square/hDjmkQ/2024/10/15/24e49b04-cccf-4fef-a0ba-4f796b3a0912.jpg.webp?ect=4g
 BIG SIZE FLATSHOES WANITA 45 44 43 42 41 TERBARU GAZZANI TPD 2421 ORI,Gazzani Store,Kab. Bandung,Rp120.000Rp240.000,3 terjual,5.0,https://images.tokopedia.net/img/cache/200-square/VqbcmM/2024/3/15/3f80a699-8864-4d5e-9f6b-5242e0ae48d9.jpg.webp?ect=4g
Flat Shoe Wanita VVIP Quality Import Branded Black Ribbon,Moca_FashionLuxee,Jakarta Utara,Rp1.400.000,,,https://images.tokopedia.net/img/cache/200-square/hDjmkQ/2024/10/15/d4acd61f-dbbb-4b93-be18-0d752d6e94a8.jpg.webp?ect=4g
Sandal Flat Shoes Brukat Terbaru Purple Original,Purple Shoes,Jakarta Pusat,Rp125.000,21 terjual,4.9,https://images.tokopedia.net/img/cache/200-square/VqbcmM/2021/10/24/24ff0b37-7067-4b93-b4f1-d4eb3d5ed877.jpg.webp?ect=4g
Dr. Kevin Sepatu Wanita Hak Rata Treples Ballerina Flat Shoes 551-520,Dr Kevin Shoes,Bekasi,Rp75.000Rp499.900,40+ terjual,4.7,https://images.tokopedia.net/img/cache/200-square/VqbcmM/2022/11/15/8a181eb8-1ee2-4d30-9672-bf4b768aaa28.jpg.webp?ect=4g
Az Sepatu Flat Shoes Wanita Jelly Pita Import Premium Korean Trendy,Azgalery Official,Kab. Tangerang,Rp52.900,100+ terjual,4.9,https://images.tokopedia.net/img/cache/200-square/VqbcmM/2023/11/16/a589870b-1ae5-4cb4-8331-7015ec4066ce.png.webp?ect=4g
NCY Shoes Sepatu Wanita HARLEY Flatshoes Warna Cream,NCY Shoes Official Store,Kab. Tangerang,Rp149.000Rp379.000,50+ terjual,4.9,https://images.tokopedia.net/img/cache/200-square/VqbcmM/2022/12/29/fe3efa17-ee26-4bf8-89ad-8394250323b2.jpg.webp?ect=4g
NCY Shoes Sepatu Wanita ADRIANA Flat Shoes Warna Hitam,NCY Shoes Official Store,Kab. Tangerang,Rp149.000Rp379.000,11 terjual,5.0,https://images.tokopedia.net/img/cache/200-square/VqbcmM/2022/11/27/ec8cf7a7-437e-4986-83fb-9d0f8e10a311.jpg.webp?ect=4g
TLTSN EVELYN Flatshoes Sepatu Jelly Wanita Black,The Little Things She Needs,Jakarta Selatan,Rp129.000Rp269.000,8 terjual,5.0,https://images.tokopedia.net/img/cache/200-square/hDjmkQ/2024/7/7/a2694def-e3dd-48db-a892-f72d43a5bb1a.jpg.webp?ect=4g
Sepatu Flat Shoes Wanita Rowey Sepatu Balet Korea,Rowey,Jakarta Timur,Rp167.130Rp619.000,11 terjual,5.0,https://images.tokopedia.net/img/cache/200-square/VqbcmM/2024/9/11/ada96e04-684d-4882-b505-49b7335fa489.jpg.webp?ect=4g
Sepatu Balet Ballerina Shoes Ballet Flatshoes Flat Shoes Anak Dewasa,Reiko Store,Jakarta Barat,Rp70.000,30+ terjual,4.9,https://images.tokopedia.net/img/cache/200-square/VqbcmM/2023/10/12/60eb2f92-9e8a-4a90-ab03-108a72ca39c6.jpg.webp?ect=4g
TLTSN [OE] JENNE Flatshoes Sepatu Wanita Bronze [TSN0002183.C0222],The Little Things She Needs,Jakarta Selatan,Rp109.000Rp249.000,30+ terjual,4.9,https://images.tokopedia.net/img/cache/200-square/hDjmkQ/2024/7/8/49bd8f32-dc73-417e-87cc-a2b3d4e67b88.jpg.webp?ect=4g
Berrybenka - Sepatu Flatshoes Wanita Sofia Marie Ballerina Tweed,Berrybenka,Tangerang Selatan,Rp129.000Rp369.000,100+ terjual,4.9,https://images.tokopedia.net/img/cache/200-square/hDjmkQ/2023/9/19/e61d1b2a-3a8d-466f-9299-e1e0f7a615fd.jpg.webp?ect=4g
Donatello CR22SS81 Flatshoes Wanita,Donatello Official,Bandung,Rp245.000,30+ terjual,,https://images.tokopedia.net/img/cache/200-square/VqbcmM/2024/2/17/0d160942-7e5a-4908-b135-f9761c2aa2a3.jpg.webp?ect=4g
Ballet Flat Shoe Wanita VVIP Quality Import Branded Nude,Moca_FashionLuxee,Jakarta Utara,Rp1.400.000,,,https://images.tokopedia.net/img/cache/200-square/hDjmkQ/2024/10/15/6d82482f-c149-446a-b02b-0b1e017dfedf.jpg.webp?ect=4g
Vindys PK 01 Formal Flat Shoes 3cm - Black,Raja Sepatu Kulit,Jakarta Utara,Rp209.900,6 terjual,4.5,https://images.tokopedia.net/img/cache/200-square/product-1/2017/7/30/5089551/5089551_08b398a3-c648-4faa-831f-b568a84b53d2_800_792.webp?ect=4g
Flat Shoe Wanita VVIP Quality Import Branded Black,Moca_FashionLuxee,Jakarta Utara,Rp1.400.000,,,https://images.tokopedia.net/img/cache/200-square/hDjmkQ/2024/10/15/74e30957-2a98-49d7-8400-0cbed83f32cd.jpg.webp?ect=4g
Ballerina flats shoes black full,Blessingluxe,Bandung,Rp1.300.000,,,https://images.tokopedia.net/img/cache/200-square/VqbcmM/2024/3/26/4006689e-d3f0-465f-b277-6abec00c70d3.jpg.webp?ect=4g
Ballet Flat Shoe Ribbon Wanita VVIP Quality Import Branded Nblack,Moca_FashionLuxee,Jakarta Utara,Rp1.400.000,,,https://images.tokopedia.net/img/cache/200-square/hDjmkQ/2024/10/15/981413d4-8917-41a7-a18c-3ae9b861260b.jpg.webp?ect=4g
Adorableprojects - Tiana Flat Shoes White - Ballet Flatshoes,Adorable Projects,Cimahi,Rp249.000,3 terjual,5.0,https://images.tokopedia.net/img/cache/200-square/hDjmkQ/2023/7/24/d7dfcc6a-0eec-4c51-b55d-c4c4f5006ac9.jpg.webp?ect=4g
Berrybenka - Sepatu Flatshoes Ballet Comfy Wanita Sofia Masana Mary Jane Flat,Berrybenka,Tangerang Selatan,Rp149.000Rp349.000,30+ terjual,4.9,https://images.tokopedia.net/img/cache/200-square/hDjmkQ/2024/7/1/fb60bd80-5915-450c-ba6c-e47996f168fb.jpg.webp?ect=4g
Sepatu Loafer Wanita Flatshoes Arme Series - Ellesis Official,Brygancraftmanship,Bandung,Rp145.000Rp299.000,30+ terjual,5.0,https://images.tokopedia.net/img/cache/200-square/VqbcmM/2024/2/22/0d985a0d-8277-46d0-8cf2-228e5d975104.jpg.webp?ect=4g
TLTSN [OE] VIVIAN Flatshoes Sepatu Wanita Navy [TSN0002184.C0050],The Little Things She Needs,Jakarta Selatan,Rp109.000Rp249.000,30+ terjual,5.0,https://images.tokopedia.net/img/cache/200-square/hDjmkQ/2024/5/31/b20130fa-7390-458f-a583-3c853e8c0058.jpg.webp?ect=4g
SEIS Daily Flatshoes Wanita,Seis Official Shop,Bandung,Rp169.000Rp650.000,60+ terjual,4.9,https://images.tokopedia.net/img/cache/200-square/VqbcmM/2024/5/4/0ce62d5e-1652-48df-9caa-b82a3b0cfb57.jpg.webp?ect=4g
WINOD Mary Jeans Flatshoes,Winod Official,Tangerang,Rp89.900Rp224.900,250+ terjual,4.9,https://images.tokopedia.net/img/cache/200-square/VqbcmM/2024/9/3/685cbe84-fb63-4fed-b0fe-2413d00e1660.jpg.webp?ect=4g
Flatshoes Balet Wanita Korean Model Import Terbaru 5363,Loei Heels,Kab. Tangerang,Rp153.000,70+ terjual,5.0,https://images.tokopedia.net/img/cache/200-square/VqbcmM/2023/10/18/35d5026d-6ea1-45af-af8e-5af4b6da685f.jpg.webp?ect=4g
NCY Shoes Sepatu Wanita KATE Flat Shoes Warna Merah,NCY Shoes Official Store,Kab. Tangerang,Rp279.000Rp379.000,23 terjual,4.8,https://images.tokopedia.net/img/cache/200-square/VqbcmM/2023/3/29/55e593f2-8a9f-4ee2-a829-c7df2258a88e.jpg.webp?ect=4g
Mandy's Shoes - Flat Shoes - Coral,Mandy's Official,Jakarta Utara,Rp680.000,13 terjual,,https://images.tokopedia.net/img/cache/200-square/VqbcmM/2024/1/27/c5838dab-8ba7-4423-b859-8e62751a2721.png.webp?ect=4g
Hellona Gemini Flatshoes Empuk Sol Karet Warna Hitam Polos,Hello Naira,Kab. Bogor,Rp53.900,250+ terjual,4.9,https://images.tokopedia.net/img/cache/200-square/VqbcmM/2024/1/18/501489af-4193-4269-8448-4d70d9f7d9f7.jpg.webp?ect=4g
HANNAO Flatshoes wanita tali kekinian empuk terbaru zh04,HANNAOSTORE,Kab. Bogor,Rp48.999,,,https://images.tokopedia.net/img/cache/200-square/VqbcmM/2024/11/2/ba89431f-5404-4f01-8c9f-f2887bee14f2.jpg.webp?ect=4g
Ballet Flat Shoe Wanita VVIP Quality Import Branded Black,Moca_FashionLuxee,Jakarta Utara,Rp1.400.000,1 terjual,,https://images.tokopedia.net/img/cache/200-square/hDjmkQ/2024/10/15/ff44641f-25c4-4fde-8b7e-77ff3c1a9ee6.jpg.webp?ect=4g
Golfer Sepatu Flatshoes Wanita 9402 Hijau Mint,Golfer Store,Bandung,Rp141.000,2 terjual,5.0,https://images.tokopedia.net/img/cache/200-square/VqbcmM/2022/3/12/ffbc6e9d-d465-4736-9807-b86e44e52c61.jpg.webp?ect=4g
Ballet Flat Shoe Wanita VVIP Quality Import Branded Blue,Moca_FashionLuxee,Jakarta Utara,Rp1.400.000,,,https://images.tokopedia.net/img/cache/200-square/hDjmkQ/2024/10/15/925897ae-b4dc-45ac-8809-5af9d7a0a742.jpg.webp?ect=4g
CC Flat Shoes Timeless Ballet Lambskin Logo Stitch Mix Black Toe Beige,Damen Herren Official,Jakarta Utara,Rp4.550.000,,,https://images.tokopedia.net/img/cache/200-square/VqbcmM/2024/10/10/98639181-f822-420f-ae8c-4307cc1ead7b.jpg.webp?ect=4g
Adorableprojects - Madison Flat Shoes Maroon,Adorable Projects,Cimahi,Rp275.000,10 terjual,5.0,https://images.tokopedia.net/img/cache/200-square/hDjmkQ/2024/2/26/b61619c7-9eea-4b2e-aab7-c3cdd6299f5b.jpg.webp?ect=4g
Sepatu Wanita Flatshoes Casual Terbaru Kekinian Flat Shoes RN05,Ranjojo Official Shop,Kab. Mojokerto,Rp75.000Rp150.000,60+ terjual,4.8,https://images.tokopedia.net/img/cache/200-square/VqbcmM/2022/3/16/717ec840-3fed-4c68-9fa5-7aa4b4525ff2.jpg.webp?ect=4g
Flatshoes Wanita Kekinian Sepatu Wanita Flatshoes Terbaru RN01,Ranjojo Official Shop,Kab. Mojokerto,Rp65.000Rp210.000,18 terjual,4.4,https://images.tokopedia.net/img/cache/200-square/VqbcmM/2023/6/1/70de48e6-aea4-4f97-b477-f7a30269742f.jpg.webp?ect=4g
Berrybenka - Sepatu Flatshoes Wanita Sofia Malla Ballerina Flat,Berrybenka,Tangerang Selatan,Rp98.000Rp299.000,100+ terjual,4.9,https://images.tokopedia.net/img/cache/200-square/VqbcmM/2022/4/13/4d48b901-6f4d-4064-bddc-24bb7d398088.jpg.webp?ect=4g
TG1726 Sepatu Flat Shoes Wanita Import Premium Motif Silang 2 Terbaru,Polaku Official,Tangerang,Rp49.800,100+ terjual,4.7,https://images.tokopedia.net/img/cache/200-square/hDjmkQ/2023/6/8/c1b689fd-7e61-4d39-8dd4-105849b48b45.jpg.webp?ect=4g
SEPATU FLAT SHOES NT01,lucky six,Bogor,Rp29.900,500+ terjual,4.7,https://images.tokopedia.net/img/cache/200-square/VqbcmM/2020/8/14/ee2ef36f-f7ca-442f-aac5-1f7f0727a902.jpg.webp?ect=4g
Sepatu Flatshoes Wanita yongki komaladi,Rumah grosir unie,Kab. Sragen,Rp91.999,70+ terjual,4.7,https://images.tokopedia.net/img/cache/200-square/hDjmkQ/2022/6/15/657396ba-199f-4863-86f4-907812e2654f.jpg.webp?ect=4g
WINOD Balika Flatshoes Wanita / Flatshoes Kerja / Flatshoes Tweed / Flatshoes Balet Wanita,Winod Official,Tangerang,Rp178.000,500+ terjual,4.9,https://images.tokopedia.net/img/cache/200-square/VqbcmM/2024/10/28/a82a7f4d-a5c7-4771-9892-9c23dc88f569.jpg.webp?ect=4g
Gio Saverino Flat Shoes Wanita Korea Raya,Gio Saverino,Medan,Rp187.600Rp670.000,100+ terjual,4.9,https://images.tokopedia.net/img/cache/200-square/VqbcmM/2024/3/19/3468d1d9-d24c-4e9a-96d6-fba6829a52ab.jpg.webp?ect=4g
Berrybenka - Sepatu Flatshoes Wanita Sofia Milla Ballerina Flat,Berrybenka,Tangerang Selatan,Rp299.000,100+ terjual,5.0,https://images.tokopedia.net/img/cache/200-square/VqbcmM/2022/4/13/4a44edce-af71-4f8f-872d-a8666ebda411.jpg.webp?ect=4g
FLATSHOES WANITA SEPATU BALET SOL KARET CASUAL STYLE KOREA BLD25,DETECTOR,Kab. Bogor,Rp38.900Rp77.000,40+ terjual,5.0,https://images.tokopedia.net/img/cache/200-square/VqbcmM/2023/6/5/6005f6ec-5a76-4e01-86e8-1697db9a0a9f.jpg.webp?ect=4g
Sepatu Wanita Flatshoes Terbaru Kekinian Flat Shoes Casual Formal RN04,Ranjojo Official Shop,Kab. Mojokerto,Rp82.500Rp165.000,100+ terjual,4.8,https://images.tokopedia.net/img/cache/200-square/VqbcmM/2022/3/16/5d7ab349-b1cc-48da-b204-6542350b6d9b.jpg.webp?ect=4g
Katakita Verlin Flatshoes Wanita,Katakitaofficial,Kab. Bogor,Rp99.999Rp185.000,60+ terjual,5.0,https://images.tokopedia.net/img/cache/200-square/hDjmkQ/2024/7/4/d6e921ec-33eb-4185-82d9-a97bf20fac09.jpg.webp?ect=4g
Sepatu Wanita Flat Shoes Gio Saverino Flatshoes Korea,Gio Saverino,Medan,Rp179.700Rp599.000,100+ terjual,4.9,https://images.tokopedia.net/img/cache/200-square/VqbcmM/2022/1/15/21138c01-8aa0-4c32-8609-4868248b6558.jpg.webp?ect=4g
GRATICA SEPATU WANITA BALET FLAT SHOES 91 RJ,RIE_COLLECTIONS,Bogor,Rp82.450Rp85.000,30+ terjual,4.9,https://images.tokopedia.net/img/cache/200-square/VqbcmM/2024/8/11/78d243aa-cb54-43fc-8207-837a1ffc9e40.jpg.webp?ect=4g
Berrybenka - Sepatu Flatshoes Wanita Sofia Meilyn Ballerina,Berrybenka,Tangerang Selatan,Rp119.000Rp369.000,100+ terjual,4.9,https://images.tokopedia.net/img/cache/200-square/VqbcmM/2024/5/3/06217486-0cac-4fcd-89a4-b837509fa3d6.jpg.webp?ect=4g
ZAHRA Sepatu Mary Jane Flat Shoes By bellassimo,ARJUNA_COLLECTION03,Kab. Bogor,Rp76.000Rp80.000,16 terjual,4.8,https://images.tokopedia.net/img/cache/200-square/VqbcmM/2024/7/2/7abf3463-6c7a-4ac0-b3ba-76fd901ca90d.png.webp?ect=4g
Flatshoes Wanita Patris Loren PTS 203,Patris Official Store,Bogor,Rp179.750Rp425.250,250+ terjual,4.9,https://images.tokopedia.net/img/cache/200-square/VqbcmM/2023/8/18/73a3eba0-a36b-4107-9188-a183a63a497f.jpg.webp?ect=4g
TLTSN [OE] FEYAH Flatshoes Sepatu Wanita Black [TSN0002282.C0004],The Little Things She Needs,Jakarta Selatan,Rp129.000Rp249.000,28 terjual,5.0,https://images.tokopedia.net/img/cache/200-square/hDjmkQ/2024/8/15/d08ec5dd-7fcd-47e0-b4f3-3a6d5f81229f.jpg.webp?ect=4g
Sepatu Wanita Flatshoes Slip on Sepatu Jelly Frozen Princess dewasa,keepitthink,Kab. Tangerang,Rp74.900,100+ terjual,4.9,https://images.tokopedia.net/img/cache/200-square/VqbcmM/2022/1/24/457300b3-4972-4d8e-bf0a-f6fca83d5024.jpg.webp?ect=4g
Sepatu Flatshoes Farasha Wanita Variasi Pita Kupu Kupu,Sandkasse_Id,Kab. Bogor,Rp39.999,70+ terjual,4.9,https://images.tokopedia.net/img/cache/200-square/VqbcmM/2024/6/30/60a66b4b-589a-4522-bdde-0964300e003b.jpg.webp?ect=4g
NCY Shoes Sepatu Wanita GEORGIA Flatshoes Warna Hijau,NCY Shoes Official Store,Kab. Tangerang,Rp199.000Rp379.000,9 terjual,4.7,https://images.tokopedia.net/img/cache/200-square/VqbcmM/2022/9/29/649e70cf-3e4c-4cc1-9ddd-fef4a8f3af2a.jpg.webp?ect=4g
flat shoes wanita,Aisyah hasna,Kab. Sidoarjo,Rp35.900,40+ terjual,4.9,https://images.tokopedia.net/img/cache/200-square/VqbcmM/2023/10/13/409cc311-5dc8-4714-a78e-c36b98b25c7a.jpg.webp?ect=4g
Katakita Haruka Mary janes Sepatu Flat Shoes Wanita,Katakitaofficial,Kab. Bogor,Rp99.999Rp245.000,60+ terjual,5.0,https://images.tokopedia.net/img/cache/200-square/hDjmkQ/2024/7/4/78ab1e05-3d18-4cb1-a09d-f348f22abe68.jpg.webp?ect=4g
TLTSN [OE] SHIN Flatshoes Sepatu Wanita Nude [TSN0002281.C0028],The Little Things She Needs,Jakarta Selatan,Rp129.000Rp249.000,8 terjual,5.0,https://images.tokopedia.net/img/cache/200-square/hDjmkQ/2024/8/8/c1d34726-9cc1-44ce-9842-c871d7b4640d.jpg.webp?ect=4g
Berrybenka - Sepatu Flatshoes Wanita Sofia Merra Ballerina,Berrybenka,Tangerang Selatan,Rp119.000Rp369.000,100+ terjual,4.9,https://images.tokopedia.net/img/cache/200-square/VqbcmM/2022/9/14/db611d7c-afa5-4677-b2c0-baa009c4acff.jpg.webp?ect=4g
Sepatu Wanita Gio Saverino ARIANA Super Nyaman Sepatu Flat Shoes,Gio Saverino,Medan,Rp179.700Rp599.000,100+ terjual,4.8,https://images.tokopedia.net/img/cache/200-square/VqbcmM/2022/4/25/c7e2635c-e271-4649-bdd2-b57c78348c62.png.webp?ect=4g
TLTSN [OE] HANNY Flatshoes Sepatu Wanita Khaki [TSN0002185.C0101],The Little Things She Needs,Jakarta Selatan,Rp109.000Rp249.000,14 terjual,4.8,https://images.tokopedia.net/img/cache/200-square/hDjmkQ/2024/7/8/623eb530-5584-49bd-bf63-14b19468e3db.jpg.webp?ect=4g
Premier Flatshoes Jelly Pita Glossy Nyaman Simple Fashion,Premier_5,Tangerang Selatan,Rp55.000,30+ terjual,4.9,https://images.tokopedia.net/img/cache/200-square/VqbcmM/2022/8/24/d8463389-30ea-4b61-986c-da15b17a7cae.png.webp?ect=4g
Hanum - Sepatu Flat Shoes Balet Wanita Hanum HF05 Suede / Bludru Hitam,Hanum Merchandise,Bogor,Rp39.500,100+ terjual,4.9,https://images.tokopedia.net/img/cache/200-square/VqbcmM/2022/2/16/b3eeed90-8760-4405-84f5-0a26f29059f0.jpg.webp?ect=4g
Dr. Kevin Sepatu Wanita Hak Rata Treples Flat Shoes 551-518,Dr Kevin Shoes,Bekasi,Rp75.000Rp499.900,60+ terjual,5.0,https://images.tokopedia.net/img/cache/200-square/VqbcmM/2022/10/25/7ee4827d-2856-4c3a-9cc5-ce475260ef87.jpg.webp?ect=4g
TLTSN [OE] SADIE Flatshoes Sepatu Wanita Taupe,The Little Things She Needs,Jakarta Selatan,Rp99.000Rp249.000,50+ terjual,4.9,https://images.tokopedia.net/img/cache/200-square/hDjmkQ/2024/4/18/9ab20150-e7de-46c7-a1c4-a26386e86a5c.jpg.webp?ect=4g
Berrybenka - Sepatu Flatshoes Wanita Sofia Fayka Mary Jane Flat,Berrybenka,Tangerang Selatan,Rp159.000Rp389.000,29 terjual,5.0,https://images.tokopedia.net/img/cache/200-square/hDjmkQ/2024/4/19/e67dcbca-4a76-41f6-974c-ed6820c8a6c5.jpg.webp?ect=4g
TLTSN [OE] NIKI Flatshoes Sepatu Wanita Rose Gold [TSN0002284.C0278],The Little Things She Needs,Jakarta Selatan,Rp129.000Rp249.000,9 terjual,5.0,https://images.tokopedia.net/img/cache/200-square/hDjmkQ/2024/8/15/f63ba4a4-e215-4b1b-b734-35743abd8a5e.jpg.webp?ect=4g
(READY SIAP KIRIM) Cozymarkets - Minete ribbon ballet flatshoes warna Glossy Burgundy,Dibawah_rata-rata,Jakarta Barat,Rp265.000,2 terjual,5.0,https://images.tokopedia.net/img/cache/200-square/VqbcmM/2024/8/13/1067175f-7037-4098-86bd-2b893a36680b.jpg.webp?ect=4g
Golfer Sepatu Flatshoes Wanita 9401 Lilac,Golfer Store,Bandung,Rp141.000,1 terjual,5.0,https://images.tokopedia.net/img/cache/200-square/VqbcmM/2022/3/12/0d7890b4-a1a2-4e46-9aa2-b02e0c19c445.jpg.webp?ect=4g
ballerin flats shoes brown,Blessingluxe,Bandung,Rp1.300.000,,,https://images.tokopedia.net/img/cache/200-square/VqbcmM/2024/3/26/19a33502-d927-4df7-8042-9be0af3eda9e.jpg.webp?ect=4g
Flat Shoe Wanita VVIP Quality Import Branded Nude,Moca_FashionLuxee,Jakarta Utara,Rp1.400.000,,,https://images.tokopedia.net/img/cache/200-square/hDjmkQ/2024/10/15/caebc442-d09b-4a78-b278-7d406f978a5d.jpg.webp?ect=4g
"Michael Kors Shoes Flat Reed Loafer, Sepatu MK",newyork.ori,Jakarta Timur,Rp1.435.000,,,https://images.tokopedia.net/img/cache/200-square/VqbcmM/2024/5/22/7c3ce075-ebd8-4180-b06c-5af078e85361.jpg.webp?ect=4g
Sandal wanita flat shoes kulit asli zicca,jolie leather store,Kab. Garut,Rp79.900Rp109.000,30+ terjual,4.7,https://images.tokopedia.net/img/cache/200-square/VqbcmM/2024/8/29/f301d307-0342-4f85-9ee2-6fb92038ac78.jpg.webp?ect=4g
"Asha Leather || Clover || Flat Shoes White || Sepatu Mules || Sepatu Kulit - Putih, 36",ASHA Leather Garut,Kab. Garut,Rp268.400Rp305.000,,,https://images.tokopedia.net/img/cache/200-square/VqbcmM/2024/6/19/e8f00fc1-3d6e-4a20-9188-dca0e1f2cdb6.jpg.webp?ect=4g
Flat Shoe Wanita VVIP Quality Import Branded Nude Ribbon,Moca_FashionLuxee,Jakarta Utara,Rp1.400.000,,,https://images.tokopedia.net/img/cache/200-square/hDjmkQ/2024/10/15/8c0c1397-f147-443c-97b6-bf0ab8dfffa9.jpg.webp?ect=4g
First Light - Vienne - Sepatu Flat Shoes Wanita - 42,First Light Apparel,Bandung,Rp186.750Rp249.000,6 terjual,5.0,https://images.tokopedia.net/img/cache/200-square/VqbcmM/2024/4/30/9ce5364f-8754-494c-88e7-e8893669fd3e.jpg.webp?ect=4g
"STB17 TB sandals slippers fashion women's shoes flat shoes - BLACK, 36",FactoryOutletStuff,Jakarta Barat,Rp720.000,,,https://images.tokopedia.net/img/cache/200-square/VqbcmM/2023/10/1/b938d1a6-0334-41bc-8983-6f5382e9eb3e.jpg.webp?ect=4g
Ballet Flat Shoe Embossed Wanita VVIP Quality Import Branded Nude Logo,Moca_FashionLuxee,Jakarta Utara,Rp1.400.000,,,https://images.tokopedia.net/img/cache/200-square/hDjmkQ/2024/10/15/67e59df1-b9d4-423a-ac8a-49bf4894f0fb.jpg.webp?ect=4g
TERBARU TERMURAH FLATSHOES WANITA/SEPATU BALET WANITA PITA,Djstyle,Kab. Bogor,Rp15.120,50+ terjual,3.8,https://images.tokopedia.net/img/cache/200-square/hDjmkQ/2022/3/3/7ebe3ad2-bfed-4d48-8d61-1bdc1f1e49b6.jpg.webp?ect=4g
Crankbrothers Shoes Street Fabio Wibmer Flat Black Gold,SAE BIKE,Tangerang Selatan,Rp1.088.750Rp1.675.000,5 terjual,5.0,https://images.tokopedia.net/img/cache/200-square/VqbcmM/2023/3/15/c41e917f-9868-47f1-8e00-6fe831d5e130.jpg.webp?ect=4g
Berrybenka - Sepatu Flatshoes Comfy Wanita Sofia Manara Slingback Flat,Berrybenka,Tangerang Selatan,Rp134.000Rp349.000,30+ terjual,4.9,https://images.tokopedia.net/img/cache/200-square/hDjmkQ/2024/7/1/2a63d377-f4e9-4c32-863b-0de1a762d04b.jpg.webp?ect=4g
Sepatu Wanita Flat Shoes Murah Kulit Teplek BLD0808,DETECTOR,Kab. Bogor,Rp55.000,500+ terjual,4.8,https://images.tokopedia.net/img/cache/200-square/product-1/2018/9/19/2181704/2181704_e1e43107-d655-49e9-8e56-325e6dd4d303_700_700.jpg.webp?ect=4g
Terbaru Flat Shoes Terlaris Dari Fladeo,gsmj,Kab. Bantul,Rp72.000,40+ terjual,4.9,https://images.tokopedia.net/img/cache/200-square/VqbcmM/2023/1/11/09766af8-703f-4f5f-bad9-e96344d406f1.jpg.webp?ect=4g
"Slip on Wanita Flat Shoes Full HItam Simple dan Ringan - HITAM HITAM, 39",New Glowing,Jakarta Selatan,Rp157.500Rp175.000,,,https://images.tokopedia.net/img/cache/200-square/hDjmkQ/2024/8/20/6343b937-97c9-4255-bca7-eee5d36ff6fd.jpg.webp?ect=4g
Bocorocco D. Emily 36 Nero - Flatshoes Wanita,Official Bocorocco,Kab. Tangerang,Rp3.690.000,,,https://images.tokopedia.net/img/cache/200-square/hDjmkQ/2024/9/11/add59df3-ac3e-4bde-8b26-5526106fee4d.jpg.webp?ect=4g
HANNAO ZARA Flatshoes Wanita Sepatu pesta kekinian Korean style zh01,HANNAOSTORE,Kab. Bogor,Rp48.999,,,https://images.tokopedia.net/img/cache/200-square/VqbcmM/2024/11/2/e6ebfe22-0184-4a36-bfef-6ebd53cf60c1.jpg.webp?ect=4g
Ballet Flat Shoe Ribbon Wanita VVIP Quality Import Branded Nude,Moca_FashionLuxee,Jakarta Utara,Rp1.400.000,,,https://images.tokopedia.net/img/cache/200-square/hDjmkQ/2024/10/15/5c8c9569-ab3d-407a-8700-692b0c1e29f3.jpg.webp?ect=4g
"Flat shoes wanita motif random / Sepatu sekolah / Tebus Murah - Random, 36",Siwijaya_oficial,Pekalongan,Rp17.000Rp41.000,,,https://images.tokopedia.net/img/cache/200-square/VqbcmM/2024/6/24/a7e4857f-1b81-4116-ba7a-b5c3ed3d270a.jpg.webp?ect=4g
TERBARU TERMURAH FLATSHOES WANITA/SEPATU BALET WANITA FLAT,Djstyle,Kab. Bogor,Rp15.120,30+ terjual,4.3,https://images.tokopedia.net/img/cache/200-square/hDjmkQ/2022/3/3/8c570055-0b0c-4faa-8f29-bc256bf4aa26.jpg.webp?ect=4g
Sepatu Flat Gio Saverino Sling Back Shoes Wanita,Gio Saverino,Medan,Rp187.600Rp670.000,29 terjual,5.0,https://images.tokopedia.net/img/cache/200-square/VqbcmM/2024/1/30/77d4b03b-927c-413e-9d65-99892f4e6ca5.jpg.webp?ect=4g
Az Sepatu Flat Shoes Wanita Wedges Low Heels Jelly Kuliah Import Trend,Azgalery Official,Kab. Tangerang,Rp39.900,100+ terjual,5.0,https://images.tokopedia.net/img/cache/200-square/VqbcmM/2023/6/10/38e3a7a3-55b8-40c5-990b-158295154fa6.png.webp?ect=4g
Flatshoes Wanita Gio Saverino SEOUL Manolo Sepatu Wanita Ballerina,Gio Saverino,Medan,Rp159.000Rp510.000,1rb+ terjual,4.9,https://images.tokopedia.net/img/cache/200-square/VqbcmM/2020/12/27/e7bf8452-8cbd-4fb3-bd15-429b852badff.png.webp?ect=4g
NCY Shoes Sepatu Wanita MIKAELA Flatshoes Warna Cream,NCY Shoes Official Store,Kab. Tangerang,Rp149.000Rp379.000,30+ terjual,4.9,https://images.tokopedia.net/img/cache/200-square/VqbcmM/2022/7/31/4a942bac-6e9f-4bb9-bd0c-a0f0a9d078af.jpg.webp?ect=4g
Pluvia - FEBRIA Sepatu Flat Wanita Mules Shoes Suede,Pluvia Shoes,Bogor,Rp150.000Rp250.000,100+ terjual,4.9,https://images.tokopedia.net/img/cache/200-square/VqbcmM/2020/12/22/9fcc78d5-07a8-42ac-99f1-0bee451f1e58.jpg.webp?ect=4g
Laviola Shoes - Flat Shoes Wanita - 2914LSH - BLACK,Laviola Shoes,Jakarta Barat,Rp169.000Rp495.000,2rb+ terjual,4.9,https://images.tokopedia.net/img/cache/200-square/VqbcmM/2021/12/7/8e8ca23b-d933-428f-bb47-67d08d35aedd.jpg.webp?ect=4g
TLTSN MORIS Flatshoes Sepatu Wanita Black,The Little Things She Needs,Jakarta Selatan,Rp129.000Rp249.000,8 terjual,4.7,https://images.tokopedia.net/img/cache/200-square/hDjmkQ/2024/4/18/b50f76e4-10a4-4124-a16f-80b70db796b6.jpg.webp?ect=4g
Sepatu Karet Jelly Flat Shoes Wanita Porto lady KSM Anti Air Lentur & Elastis,gistanolshop,Kab. Subang,Rp32.000Rp60.000,18 terjual,5.0,https://images.tokopedia.net/img/cache/200-square/VqbcmM/2024/6/18/92b7191b-108c-4386-b807-997b43f082ea.jpg.webp?ect=4g
TLTSN [OE] AUREL Flatshoes Sepatu Wanita Black/Brown,The Little Things She Needs,Jakarta Selatan,Rp82.000Rp229.000,40+ terjual,5.0,https://images.tokopedia.net/img/cache/200-square/hDjmkQ/2024/1/25/bde77e30-be76-434c-af05-d15b12301bb5.jpg.webp?ect=4g
Bally Flat Shoes / Ballet Women (Preloved),HS99Store,Tangerang,Rp1.599.999,,,https://images.tokopedia.net/img/cache/200-square/VqbcmM/2024/7/17/9f3c428e-ecae-4119-953a-fd96451b77df.jpg.webp?ect=4g
Flat shoes Cattleya flat shoes nyaman ringan hand made,Cattleyasepta,Jakarta Selatan,Rp235.000,,,https://images.tokopedia.net/img/cache/200-square/VqbcmM/2022/11/18/fc80a639-77db-4b5e-9bd6-20deaf579363.jpg.webp?ect=4g
Piatta Classica Black - Nappa Milano - Sepatu Flat Wanita,Nappa Milano,Kab. Tangerang,Rp589.000,7 terjual,4.7,https://images.tokopedia.net/img/cache/200-square/hDjmkQ/2024/9/26/8b39f6f9-5d35-417a-b2ee-c6cd7aadf04a.jpg.webp?ect=4g
"sepatu wanita flat shoes branded import 667 - Hitam, 35",TIARA WOON BRANDED NEW,Jakarta Utara,Rp299.000,,,https://images.tokopedia.net/img/cache/200-square/VqbcmM/2024/7/9/5dcef916-31bf-4481-8ede-976bdefc5b87.jpg.webp?ect=4g
FLAT SHOES WOMEN TOP QUALITY,veegoods,Kab. Deli Serdang,Rp2.130.000,,,https://images.tokopedia.net/img/cache/200-square/VqbcmM/2024/6/19/a1fb1f02-410b-4d33-b545-187b74b0e061.jpg.webp?ect=4g
Laviola Shoes - Flat Shoes Wanita - 3330 LSF,Laviola Shoes,Jakarta Barat,Rp169.900Rp495.000,60+ terjual,4.8,https://images.tokopedia.net/img/cache/200-square/VqbcmM/2022/4/27/fd426ec6-8d00-459e-9b14-45cba0b3e391.jpg.webp?ect=4g
[ ORIGINAL ] YONGKI KOMALADI FLATSHOES OL-BY8660-22 LADIES,Yongki Komaladi,Jakarta Pusat,Rp119.000Rp499.000,100+ terjual,5.0,https://images.tokopedia.net/img/cache/200-square/hDjmkQ/2022/11/23/69d26262-6f70-4a03-8e37-280ab110227f.jpg.webp?ect=4g
TLTSN [OE] VIVIAN Flatshoes Sepatu Wanita Nude [TSN0002184.C0028],The Little Things She Needs,Jakarta Selatan,Rp109.000Rp249.000,40+ terjual,4.9,https://images.tokopedia.net/img/cache/200-square/hDjmkQ/2024/5/31/8cd805ad-d2bf-4ca3-9706-ef00144187e1.jpg.webp?ect=4g
SEPATU WANITA FLAT SHOES KERJA PESTA KANTOR IMPORT MYLO MS1226,MYLOshoes,Tangerang,Rp219.000,25 terjual,5.0,https://images.tokopedia.net/img/cache/200-square/VqbcmM/2021/9/29/3c173d6e-982f-4c61-888b-9550c7a09fdf.jpg.webp?ect=4g
SEPATU FLATSHOES WANITA TEPLEK CEWEK LASER MOTIF FLOWER BL06,DETECTOR,Kab. Bogor,Rp35.000Rp68.000,250+ terjual,4.8,https://images.tokopedia.net/img/cache/200-square/VqbcmM/2022/8/20/e610966c-46e7-48c9-9fd7-72014f41cce8.jpg.webp?ect=4g
Sepatu karet pantofel flatshoes wanita sepatu kerja hitam yumeida f085,ACT XTYLE,Tangerang Selatan,Rp30.000,250+ terjual,4.9,https://images.tokopedia.net/img/cache/200-square/hDjmkQ/2022/3/15/746da43e-94f0-4fb3-aaf8-6cfb5481dddc.jpg.webp?ect=4g
Adorableprojects - Ariella Flat Shoes Genuine Leather Black,Adorable Projects,Cimahi,Rp385.000,4 terjual,5.0,https://images.tokopedia.net/img/cache/200-square/hDjmkQ/2024/1/17/f40df44e-5216-48cd-b22b-e25b536d57bd.jpg.webp?ect=4g
WINOD Sellin Flatshoes,Winod Official,Tangerang,Rp79.900Rp179.800,100+ terjual,4.9,https://images.tokopedia.net/img/cache/200-square/VqbcmM/2022/3/1/1b24fd7b-5dce-4861-9381-90ca9d08d169.jpg.webp?ect=4g
NCY Shoes Sepatu Wanita ANNABELLA Flatshoes Warna Hitam,NCY Shoes Official Store,Kab. Tangerang,Rp386.100Rp429.000,4 terjual,5.0,https://images.tokopedia.net/img/cache/200-square/VqbcmM/2024/10/4/f345a3b6-5a85-4fce-a8f3-b8ce17f3725e.jpg.webp?ect=4g
SORA TAUPE - TABI FLAT SHOES,Cajsa Store,Bandung,Rp658.000,3 terjual,5.0,https://images.tokopedia.net/img/cache/200-square/hDjmkQ/2024/8/26/dd233593-c97a-419d-8b3f-a528b7735aeb.jpg.webp?ect=4g
"sepatu sandal wanita flat shoes blink mewah 847 - Gold, 35",TIARA WOON BRANDED NEW,Jakarta Utara,Rp299.000,,,https://images.tokopedia.net/img/cache/200-square/VqbcmM/2024/9/14/11118304-7480-4e2a-99d3-14f4e41d1d50.jpg.webp?ect=4g
"TW02 sepatu wanita flat shoes super elegant sepatu mewah import - Silver, 35",TW BOUTIQUE NEW,Jakarta Selatan,Rp330.000,,,https://images.tokopedia.net/img/cache/200-square/VqbcmM/2024/9/3/cc13687d-246d-45a0-a19c-3a0f0b3b0798.jpg.webp?ect=4g
"sepatu flat shoes kekinian branded import 8899 - Hitam, 35",TIARA WOON BRANDED NEW,Jakarta Utara,Rp299.000,2 terjual,5.0,https://images.tokopedia.net/img/cache/200-square/VqbcmM/2024/7/18/8f157f0a-17d2-42d7-9e43-50f630660c4b.jpg.webp?ect=4g
Bocorocco D. Emily 36 Selenite - Sepatu Kulit Wanita (Genuine Leather Flatshoes),Official Bocorocco,Kab. Tangerang,Rp3.690.000,,,https://images.tokopedia.net/img/cache/200-square/hDjmkQ/2024/9/18/99dbc46a-c5ff-4a04-9074-f9ad5ea9ffb5.jpg.webp?ect=4g
"sepatu wanita flatshoes import branded 006 - Putih, 35",TIARA WOON BRANDED NEW,Jakarta Utara,Rp650.000,,,https://images.tokopedia.net/img/cache/200-square/VqbcmM/2024/9/16/821c9264-5451-4713-8665-93ec642cbf2a.jpg.webp?ect=4g
Sepatu Karet Wanita Yumeida LS 23061 Slip On Flatshoes  PVC Jelly,RnR Star,Kab. Tangerang,Rp35.000,17 terjual,4.9,https://images.tokopedia.net/img/cache/200-square/VqbcmM/2023/12/9/fae28800-78be-4b25-b4d5-f6f6ab793f9a.jpg.webp?ect=4g
URBAN&CO Essentials Cami Flat Shoes - Blue,URBAN&CO OFFICIAL,Kab. Bogor,Rp179.900Rp229.900,14 terjual,4.9,https://images.tokopedia.net/img/cache/200-square/VqbcmM/2024/6/14/3f71f381-8963-496f-9615-cfb914e2a97b.jpg.webp?ect=4g
Damelia Aura Flatshoes Wanita,Melstore Jkt Official Shop,Depok,Rp120.000,50+ terjual,4.8,https://images.tokopedia.net/img/cache/200-square/VqbcmM/2024/2/12/061459fe-e5df-40d0-b928-b9986257ae13.jpg.webp?ect=4g
Sandkasse - Viona Flatshoes Mules Wanita,Sandkasse_Id,Kab. Bogor,Rp44.990,13 terjual,5.0,https://images.tokopedia.net/img/cache/200-square/VqbcmM/2024/7/21/42812247-9c24-49f4-bf6d-1554d5cdf17d.jpg.webp?ect=4g
Sepatu Wanita Flat Shoes Rowey Simple Dan Elegant Pamela,Rowey,Jakarta Timur,Rp173.320Rp619.000,15 terjual,5.0,https://images.tokopedia.net/img/cache/200-square/VqbcmM/2024/7/14/7dc82234-dd2b-4f61-b409-48be767c4da7.jpg.webp?ect=4g
Flat Shoes Wanita Gio Saverino OSLO Loafers Empuk Sepatu Warna CREAM,Gio Saverino,Medan,Rp179.700Rp599.000,500+ terjual,4.9,https://images.tokopedia.net/img/cache/200-square/VqbcmM/2021/9/26/da87ee39-c25b-4742-b4b5-f382c01ef885.jpg.webp?ect=4g
WINOD Enzi Flatshoes / Flatshoes Kerja / Flatshoes Tweed / Flatshoes Kerja,Winod Official,Tangerang,Rp89.000Rp178.000,250+ terjual,4.8,https://images.tokopedia.net/img/cache/200-square/VqbcmM/2024/10/28/33e9f971-186c-40a7-b1e6-2095f80d4fbf.jpg.webp?ect=4g
SEIS Esme  Flatshoes Wanita,Seis Official Shop,Bandung,Rp159.000Rp600.000,90+ terjual,4.8,https://images.tokopedia.net/img/cache/200-square/VqbcmM/2023/10/11/1331b033-77b1-4591-9bb7-b13bb40d359a.jpg.webp?ect=4g
URBAN&CO Essentials Flatshoes Mura,URBAN&CO OFFICIAL,Kab. Bogor,Rp169.900,1rb+ terjual,4.9,https://images.tokopedia.net/img/cache/200-square/VqbcmM/2024/2/20/d8865cb3-5983-4b48-baf2-f3a1887afd90.jpg.webp?ect=4g
otha shoes by laviola H719 olh - flat shoes wanita,Laviola Shoes,Jakarta Barat,Rp149.900Rp459.900,30+ terjual,5.0,https://images.tokopedia.net/img/cache/200-square/VqbcmM/2023/8/4/728c2f13-84ee-478a-a77c-42317dc0db73.jpg.webp?ect=4g
NINO DERICY NCP-H 107 Flat Shoes Wanita / Sepatu Flat Wanita,Nino Dericy Shoes,Surabaya,Rp189.900,100+ terjual,4.9,https://images.tokopedia.net/img/cache/200-square/VqbcmM/2024/5/7/76b9d8f4-af49-4d58-9a4e-3742b8a92c93.jpg.webp?ect=4g
NCY Shoes Sepatu Wanita MOLLY Flat Shoes Warna Hitam,NCY Shoes Official Store,Kab. Tangerang,Rp303.200Rp379.000,100+ terjual,5.0,https://images.tokopedia.net/img/cache/200-square/hDjmkQ/2023/10/4/a274de66-43a4-4bb1-98e4-ad72bfba5f1b.jpg.webp?ect=4g
Adorableprojects - Ascot Flat Shoes Genuine Leather Black,Adorable Projects,Cimahi,Rp385.000,2 terjual,5.0,https://images.tokopedia.net/img/cache/200-square/hDjmkQ/2024/1/17/9ae69102-2e9b-44d9-9926-ba69bf28b1c7.jpg.webp?ect=4g
Wooken Sepatu Docmart Wanita Gesper Mutiara Sepatu Oxford Sepatu Flat Shoes Hitam,Wooken,Kab. Bogor,Rp42.500Rp75.000,18 terjual,5.0,https://images.tokopedia.net/img/cache/200-square/VqbcmM/2024/9/11/7acaae2a-8d62-467d-9825-d03fb2ee0681.jpg.webp?ect=4g
Be-Bob Flatshoes Wenda-X22085,Be-bob Shoes Official Store,Bandung,Rp419.300Rp599.000,70+ terjual,4.9,https://images.tokopedia.net/img/cache/200-square/VqbcmM/2023/3/6/00883bd7-c836-4887-bf48-511e16210d17.jpg.webp?ect=4g
TLTSN [OE] NIKI Flatshoes Sepatu Wanita Black [TSN0002284.C0004],The Little Things She Needs,Jakarta Selatan,Rp129.000Rp249.000,15 terjual,5.0,https://images.tokopedia.net/img/cache/200-square/hDjmkQ/2024/8/15/a2092a6a-c4ac-49c3-bda7-e5576d8cb908.jpg.webp?ect=4g
Berrybenka - Sepatu Flatshoes Wanita Sofia Manny Ballerina Quilted,Berrybenka,Tangerang Selatan,Rp139.000Rp369.000,100+ terjual,4.9,https://images.tokopedia.net/img/cache/200-square/hDjmkQ/2023/9/19/8179db4a-ffb9-4d69-a2ee-ecbb9456ee34.jpg.webp?ect=4g
Sepatu Wanita Flat Shoes Rowey Korea Diva,Rowey,Jakarta Timur,Rp179.510Rp619.000,4 terjual,5.0,https://images.tokopedia.net/img/cache/200-square/VqbcmM/2024/8/27/ed095656-3756-4ffb-9c0f-7402f17ccfd8.jpg.webp?ect=4g
SAPPUN Retive Enamel Ribbon Flat Shoes 4cm,hwajangphum_gage,Kab. Bantul,Rp530.000,13 terjual,5.0,https://images.tokopedia.net/img/cache/200-square/VqbcmM/2021/3/8/f48f73af-ff2a-4c77-9544-1b7447fa8139.jpg.webp?ect=4g
Arunika SUZY Sepatu Flat Shoes Wanita Flatshoes Balet,4runika,Bogor,Rp109.000,40+ terjual,5.0,https://images.tokopedia.net/img/cache/200-square/VqbcmM/2024/9/7/be0f39bd-63c0-4727-a5fe-71d66916b802.jpg.webp?ect=4g
Nuru Urban Lottie Mary Jane Flats Shoes Wanita Ballerina Flat,Nuru Urban Official,Bogor,Rp130.000Rp235.000,16 terjual,5.0,https://images.tokopedia.net/img/cache/200-square/VqbcmM/2024/5/12/c781fc45-89b8-4c3a-a561-8a8ff487eecd.jpg.webp?ect=4g
Flatshoes Jelly Motif Pita Wanita Simpel Fashion Kekinian Cute Premium,Care Your Steps,Kab. Tangerang,Rp25.970,50+ terjual,4.8,https://images.tokopedia.net/img/cache/200-square/VqbcmM/2023/10/10/117ab867-ddbb-407e-b943-5c5d49ecae5f.png.webp?ect=4g
KANOSUE BLING BLING FLAT SHOES KS2088,SwanBoutique,Jakarta Barat,Rp120.000,11 terjual,5.0,https://images.tokopedia.net/img/cache/200-square/VqbcmM/2022/11/19/dd5b5acf-89fb-4cd3-883a-cabfd8665df5.jpg.webp?ect=4g
[ ORIGINAL ] YONGKI KOMALADI FLATSHOES OL-EJM-821-21 LADIES,Yongki Komaladi,Jakarta Pusat,Rp129.000Rp499.000,100+ terjual,,https://images.tokopedia.net/img/cache/200-square/hDjmkQ/2022/2/1/ebdc15cc-62bf-4c8b-87b0-57095744e492.jpg.webp?ect=4g
WINOD Kumara Flatshoes Wanita / Flatshoes Balet / Flatshoes Kerja / Sepatu Flat,Winod Official,Tangerang,Rp79.900Rp183.800,500+ terjual,4.8,https://images.tokopedia.net/img/cache/200-square/VqbcmM/2023/7/21/1745fcb8-697a-40e1-ac1e-2ee14fe55644.jpg.webp?ect=4g
Sepatu Wanita Flatshoes Murah BL05,DETECTOR,Kab. Bogor,Rp35.000Rp68.000,500+ terjual,4.8,https://images.tokopedia.net/img/cache/200-square/VqbcmM/2020/12/18/64b7f24c-787c-4902-b0b3-224fa93a8cf9.jpg.webp?ect=4g
Premier Flatshoes Jelly Polos Ujung Bulat Nyaman Simple Casual,Premier_5,Tangerang Selatan,Rp50.000,40+ terjual,4.7,https://images.tokopedia.net/img/cache/200-square/VqbcmM/2022/8/24/fbb57db3-1f77-4206-b571-28ce25a51117.png.webp?ect=4g
Sepatu FlatShoes Cantik Gio Saverino Mewah,Gio Saverino,Medan,Rp187.600Rp670.000,24 terjual,5.0,https://images.tokopedia.net/img/cache/200-square/VqbcmM/2024/3/16/674fd73f-2a0e-48c1-b519-fde70faa9c43.jpg.webp?ect=4g
SAPPUN Erino Enamel Ribbon Maryjane Flat Shoes 1cm,hwajangphum_gage,Kab. Bantul,Rp445.000,8 terjual,5.0,https://images.tokopedia.net/img/cache/200-square/VqbcmM/2024/3/11/3812d381-b795-4987-a6b8-37117a21e9ea.jpg.webp?ect=4g
Dianable - Ilona Black Flatshoes Sepatu Wanita,Dianable Official Store,Bandung,Rp324.000Rp360.000,7 terjual,5.0,https://images.tokopedia.net/img/cache/200-square/VqbcmM/2024/6/22/02c9158f-0b0a-4d37-bafb-0b63ec8981ae.jpg.webp?ect=4g
LOEI Winnie Flatshoes Tali Tweed Wanita Fashion Terbaru 5423,Loei Heels,Kab. Tangerang,Rp166.000,18 terjual,5.0,https://images.tokopedia.net/img/cache/200-square/VqbcmM/2024/1/17/e1cc1e3a-4520-452f-8340-6de62cb7ef80.jpg.webp?ect=4g
Sepatu Jelly Wanita Karis Flat Shoes Murah,MaulizzaShop,Surabaya,Rp30.500,30+ terjual,5.0,https://images.tokopedia.net/img/cache/200-square/VqbcmM/2021/3/12/9a8e5a55-2643-419a-bb9c-c93939e36b94.jpg.webp?ect=4g
Berrybenka - Sepatu Flatshoes Wanita Sofia Metty Ballerina,Berrybenka,Tangerang Selatan,Rp149.000Rp369.000,100+ terjual,4.9,https://images.tokopedia.net/img/cache/200-square/hDjmkQ/2022/9/14/57eab238-41ec-49c3-8fb4-5896b0a22874.jpg.webp?ect=4g
Flat Shoes cewek Jelly Karet Sepatu Kerja wanita Sepatu selop murah,Naai Shop Official Store,Surabaya,Rp27.000,80+ terjual,5.0,https://images.tokopedia.net/img/cache/200-square/VqbcmM/2022/11/2/514230a1-643e-4db5-aada-e77f026dc66d.png.webp?ect=4g
Berrybenka - Sepatu Flatshoes Comfy Wanita Sofia Mazata Tweed Flat,Berrybenka,Tangerang Selatan,Rp114.000Rp389.000,23 terjual,4.8,https://images.tokopedia.net/img/cache/200-square/hDjmkQ/2024/6/13/9ddec4fd-9360-4640-8b20-c8f8fe43e9f8.jpg.webp?ect=4g
"sepatu jelly flat shoes wanita sepatu karet ballerina import TW02 - Hitam, 35",TW BOUTIQUE NEW,Jakarta Selatan,Rp330.000,,,https://images.tokopedia.net/img/cache/200-square/VqbcmM/2024/9/1/f1707203-c26d-404b-82e8-80643ed9f009.jpg.webp?ect=4g
"sepatu wanita branded new flat shoes mewah 02 - Silver, 35",TIARA WOON BRANDED NEW,Jakarta Utara,Rp299.000,1 terjual,,https://images.tokopedia.net/img/cache/200-square/VqbcmM/2024/7/9/d8acb429-d2ad-4b3f-9f95-a78e63dfef71.jpg.webp?ect=4g
"Sepatu Flatshoes Kerja Wanita Kulit Asli Slip On Sepatu Formal Wanita - Flatshoes 2088, 36",jennedi store,Kab. Tangerang,Rp119.900,,,https://images.tokopedia.net/img/cache/200-square/VqbcmM/2024/10/17/87f4b143-36cc-4d80-a783-9abe8f428b40.jpg.webp?ect=4g
sepatu wanita flat shoes ballerina black new 256 - 35,TIARA WOON BRANDED NEW,Jakarta Utara,Rp299.000,,,https://images.tokopedia.net/img/cache/200-square/VqbcmM/2024/7/6/6011601b-5c3c-4d3f-9860-c543051f9d16.jpg.webp?ect=4g
"TW113 sepatu sandal flat shoes import mewah - Hitam, 35",TW BOUTIQUE NEW,Jakarta Selatan,Rp300.000,,,https://images.tokopedia.net/img/cache/200-square/VqbcmM/2024/8/25/ed0bd02a-8396-4daf-b7c8-72d63b567aee.jpg.webp?ect=4g
